"Transaction Hash","Blockno","UnixTimestamp","DateTime (UTC)","From","To","TokenValue","USDValueDayOfTx","ContractAddress","TokenName","TokenSymbol"
"0x69d1ddb056105267da68426a6e955e31a05e5cffb14cb58e1d83e2eb5ef4920a","21090200","1730432831","2024-11-01 03:47:11","0x68d3a973e7272eb388022a5c6518d9b2a2e66fbf","0xa478c2975ab1ea89e8196811f51a7b7ade33eb11","1.336450819446773386","N/A","0xc02aaa39b223fe8d0a0e5c4f27ead9083c756cc2","Wrapped Ether","WETH"
"0x69d1ddb056105267da68426a6e955e31a05e5cffb14cb58e1d83e2eb5ef4920a","21090200","1730432831","2024-11-01 03:47:11","0xa478c2975ab1ea89e8196811f51a7b7ade33eb11","0x68d3a973e7272eb388022a5c6518d9b2a2e66fbf","3,341.201793439571483051","N/A","0x6b175474e89094c44da98b954eedeac495271d0f","Dai Stablecoin","DAI"
"0x34c139e2d514360e59d4d2994906533e8c63e244f318377f5fe1532cc67b268f","21090234","1730433239","2024-11-01 03:53:59","0x68d3a973e7272eb388022a5c6518d9b2a2e66fbf","0xa478c2975ab1ea89e8196811f51a7b7ade33eb11","1.345394159046189737","N/A","0xc02aaa39b223fe8d0a0e5c4f27ead9083c756cc2","Wrapped Ether","WETH"
"0x34c139e2d514360e59d4d2994906533e8c63e244f318377f5fe1532cc67b268f","21090234","1730433239","2024-11-01 03:53:59","0xa478c2975ab1ea89e8196811f51a7b7ade33eb11","0x68d3a973e7272eb388022a5c6518d9b2a2e66fbf","3,360.447556477447536467","N/A","0x6b175474e89094c44da98b954eedeac495271d0f","Dai Stablecoin","DAI"
"0x0ced18ef8a24b5a40875aaf21eb494979dc058c5c95c99d0ea89797ac59c4c85","21090271","1730433683","2024-11-01 04:01:23","0x3fc91a3afd70395cd496c647d5a6cc9d4b2b7fad","0xa478c2975ab1ea89e8196811f51a7b7ade33eb11","0.02","N/A","0xc02aaa39b223fe8d0a0e5c4f27ead9083c756cc2","Wrapped Ether","WETH"
"0x0ced18ef8a24b5a40875aaf21eb494979dc058c5c95c99d0ea89797ac59c4c85","21090271","1730433683","2024-11-01 04:01:23","0xa478c2975ab1ea89e8196811f51a7b7ade33eb11","0x3fc91a3afd70395cd496c647d5a6cc9d4b2b7fad","49.931267311052366149","N/A","0x6b175474e89094c44da98b954eedeac495271d0f","Dai Stablecoin","DAI"
"0x2384e4f6e34654fc4d0391692dd39994d0fd9a6a5a727ad2e4fbfd35c94c8584","21090569","1730437259","2024-11-01 05:00:59","0x722ba4621a225e7870f6d87787a10a2c156469a7","0xa478c2975ab1ea89e8196811f51a7b7ade33eb11","167.94096642208356188","N/A","0x6b175474e89094c44da98b954eedeac495271d0f","Dai Stablecoin","DAI"
"0x2384e4f6e34654fc4d0391692dd39994d0fd9a6a5a727ad2e4fbfd35c94c8584","21090569","1730437259","2024-11-01 05:00:59","0xa478c2975ab1ea89e8196811f51a7b7ade33eb11","0x3fc91a3afd70395cd496c647d5a6cc9d4b2b7fad","0.066864767145601804","N/A","0xc02aaa39b223fe8d0a0e5c4f27ead9083c756cc2","Wrapped Ether","WETH"
"0x3aa070b81b2f5c2c808473a8b1e58e8965b6de2ea4cb1bcd5d46d86e4dad43b8","21090670","1730438471","2024-11-01 05:21:11","0xa70e976d5614b1aa78e6240f359dcf0f387f9a2c","0xa478c2975ab1ea89e8196811f51a7b7ade33eb11","125.26049","N/A","0x6b175474e89094c44da98b954eedeac495271d0f","Dai Stablecoin","DAI"
"0x3aa070b81b2f5c2c808473a8b1e58e8965b6de2ea4cb1bcd5d46d86e4dad43b8","21090670","1730438471","2024-11-01 05:21:11","0xa478c2975ab1ea89e8196811f51a7b7ade33eb11","0x7a250d5630b4cf539739df2c5dacb4c659f2488d","0.049869755831995775","N/A","0xc02aaa39b223fe8d0a0e5c4f27ead9083c756cc2","Wrapped Ether","WETH"
"0x86214ea43d1734fcc72fdcbaaa0bd740f602f0f3dae16b838816098ea24a6674","21090722","1730439095","2024-11-01 05:31:35","0x1084a95c69bdc3325c1c42f86676b6eb66dce053","0xa478c2975ab1ea89e8196811f51a7b7ade33eb11","0.130387161072430439","N/A","0xc02aaa39b223fe8d0a0e5c4f27ead9083c756cc2","Wrapped Ether","WETH"
"0x86214ea43d1734fcc72fdcbaaa0bd740f602f0f3dae16b838816098ea24a6674","21090722","1730439095","2024-11-01 05:31:35","0xa478c2975ab1ea89e8196811f51a7b7ade33eb11","0x0a09cdb390d3b6ba9119843a92c14b2428e101bf","325.529241033340554092","N/A","0x6b175474e89094c44da98b954eedeac495271d0f","Dai Stablecoin","DAI"
"0x93a0d0ccc1895c13bd0cd50cfddccd49cb72619e35e466bda014ecc634bbdca8","21090750","1730439443","2024-11-01 05:37:23","0x74de5d4fcbf63e00296fd95d33236b9794016631","0xa478c2975ab1ea89e8196811f51a7b7ade33eb11","100","N/A","0x6b175474e89094c44da98b954eedeac495271d0f","Dai Stablecoin","DAI"
"0x93a0d0ccc1895c13bd0cd50cfddccd49cb72619e35e466bda014ecc634bbdca8","21090750","1730439443","2024-11-01 05:37:23","0xa478c2975ab1ea89e8196811f51a7b7ade33eb11","0x1111111254eeb25477b68fb85ed929f73a960582","0.039815184821694462","N/A","0xc02aaa39b223fe8d0a0e5c4f27ead9083c756cc2","Wrapped Ether","WETH"
"0x6dfdd493c6d8bea81bda86e4fa4e040fe0f6cb8351dd93ec17365040596db63a","21090872","1730440919","2024-11-01 06:01:59","0xcc369dbcd170f4dd575b6f200de2b696fedb2c0f","0xa478c2975ab1ea89e8196811f51a7b7ade33eb11","37.855697352569363221","N/A","0x6b175474e89094c44da98b954eedeac495271d0f","Dai Stablecoin","DAI"
"0x6dfdd493c6d8bea81bda86e4fa4e040fe0f6cb8351dd93ec17365040596db63a","21090872","1730440919","2024-11-01 06:01:59","0xa478c2975ab1ea89e8196811f51a7b7ade33eb11","0x211a042ee410242541094b383a5bb7202185e244","0.015072029313615163","N/A","0xc02aaa39b223fe8d0a0e5c4f27ead9083c756cc2","Wrapped Ether","WETH"
"0xadc7fcc849f388e04200e3036899f3ab1006955dbf779b72fbcd6ce7f266cce3","21090931","1730441627","2024-11-01 06:13:47","0xe532b04d2f2e921dfec69e132e9214d2f82df304","0xa478c2975ab1ea89e8196811f51a7b7ade33eb11","17.515054433031875035","N/A","0x6b175474e89094c44da98b954eedeac495271d0f","Dai Stablecoin","DAI"
"0xadc7fcc849f388e04200e3036899f3ab1006955dbf779b72fbcd6ce7f266cce3","21090931","1730441627","2024-11-01 06:13:47","0xa478c2975ab1ea89e8196811f51a7b7ade33eb11","0x1111111254eeb25477b68fb85ed929f73a960582","0.006973465467236377","N/A","0xc02aaa39b223fe8d0a0e5c4f27ead9083c756cc2","Wrapped Ether","WETH"
"0x51b731baa13cb7bd2c3c0c9c035fd53e41de4ee2dbd19036740866dc7404b498","21090987","1730442299","2024-11-01 06:24:59","0x3fc91a3afd70395cd496c647d5a6cc9d4b2b7fad","0xa478c2975ab1ea89e8196811f51a7b7ade33eb11","0.191125","N/A","0xc02aaa39b223fe8d0a0e5c4f27ead9083c756cc2","Wrapped Ether","WETH"
"0x51b731baa13cb7bd2c3c0c9c035fd53e41de4ee2dbd19036740866dc7404b498","21090987","1730442299","2024-11-01 06:24:59","0xa478c2975ab1ea89e8196811f51a7b7ade33eb11","0x0a09cdb390d3b6ba9119843a92c14b2428e101bf","477.137004338189933411","N/A","0x6b175474e89094c44da98b954eedeac495271d0f","Dai Stablecoin","DAI"
"0x6fae230133b50735def8341a123dc2b446afaf249cc206e2238431a915a0578e","21091075","1730443367","2024-11-01 06:42:47","0x5ab53ee1d50eef2c1dd3d5402789cd27bb52c1bb","0xa478c2975ab1ea89e8196811f51a7b7ade33eb11","0.280784901216372097","N/A","0xc02aaa39b223fe8d0a0e5c4f27ead9083c756cc2","Wrapped Ether","WETH"
"0x6fae230133b50735def8341a123dc2b446afaf249cc206e2238431a915a0578e","21091075","1730443367","2024-11-01 06:42:47","0x3fc91a3afd70395cd496c647d5a6cc9d4b2b7fad","0xa478c2975ab1ea89e8196811f51a7b7ade33eb11","0","N/A","0xc02aaa39b223fe8d0a0e5c4f27ead9083c756cc2","Wrapped Ether","WETH"
"0x6fae230133b50735def8341a123dc2b446afaf249cc206e2238431a915a0578e","21091075","1730443367","2024-11-01 06:42:47","0xa478c2975ab1ea89e8196811f51a7b7ade33eb11","0x3fc91a3afd70395cd496c647d5a6cc9d4b2b7fad","700.855760113855333028","N/A","0x6b175474e89094c44da98b954eedeac495271d0f","Dai Stablecoin","DAI"
"0x1d5d7031b527852eca76384b5ab4dcd81a3f930d90ffbe5599161f4898cb18f9","21091206","1730444939","2024-11-01 07:08:59","0x51c72848c68a965f66fa7a88855f9f7784502a7f","0xa478c2975ab1ea89e8196811f51a7b7ade33eb11","1.890307133401175296","N/A","0xc02aaa39b223fe8d0a0e5c4f27ead9083c756cc2","Wrapped Ether","WETH"
"0x1d5d7031b527852eca76384b5ab4dcd81a3f930d90ffbe5599161f4898cb18f9","21091206","1730444939","2024-11-01 07:08:59","0xa478c2975ab1ea89e8196811f51a7b7ade33eb11","0x51c72848c68a965f66fa7a88855f9f7784502a7f","4,714.766600381869326336","N/A","0x6b175474e89094c44da98b954eedeac495271d0f","Dai Stablecoin","DAI"
"0x86f053df87341fc00128630b42a2082f0c95c22065cf87839fe63f274fa7a68a","21091213","1730445023","2024-11-01 07:10:23","0x51c72848c68a965f66fa7a88855f9f7784502a7f","0xa478c2975ab1ea89e8196811f51a7b7ade33eb11","2.06041903682097024","N/A","0xc02aaa39b223fe8d0a0e5c4f27ead9083c756cc2","Wrapped Ether","WETH"
"0x86f053df87341fc00128630b42a2082f0c95c22065cf87839fe63f274fa7a68a","21091213","1730445023","2024-11-01 07:10:23","0xa478c2975ab1ea89e8196811f51a7b7ade33eb11","0x51c72848c68a965f66fa7a88855f9f7784502a7f","5,132.060615638104670208","N/A","0x6b175474e89094c44da98b954eedeac495271d0f","Dai Stablecoin","DAI"
"0x0840f5ea42a047a897e26fde6dc166aef45812d61f86a40ddf17e14c2f94b99a","21091214","1730445035","2024-11-01 07:10:35","0x68d3a973e7272eb388022a5c6518d9b2a2e66fbf","0xa478c2975ab1ea89e8196811f51a7b7ade33eb11","1.82531846170957196","N/A","0xc02aaa39b223fe8d0a0e5c4f27ead9083c756cc2","Wrapped Ether","WETH"
"0x0840f5ea42a047a897e26fde6dc166aef45812d61f86a40ddf17e14c2f94b99a","21091214","1730445035","2024-11-01 07:10:35","0xa478c2975ab1ea89e8196811f51a7b7ade33eb11","0x68d3a973e7272eb388022a5c6518d9b2a2e66fbf","4,540.413983949219333752","N/A","0x6b175474e89094c44da98b954eedeac495271d0f","Dai Stablecoin","DAI"
"0x97d36932a6a89555ee14bc0cff1f061d331d1d39b65c9eee0b8bc25a1da4f0f4","21091293","1730445995","2024-11-01 07:26:35","0x3fc91a3afd70395cd496c647d5a6cc9d4b2b7fad","0xa478c2975ab1ea89e8196811f51a7b7ade33eb11","0.153176741551358107","N/A","0xc02aaa39b223fe8d0a0e5c4f27ead9083c756cc2","Wrapped Ether","WETH"
"0x97d36932a6a89555ee14bc0cff1f061d331d1d39b65c9eee0b8bc25a1da4f0f4","21091293","1730445995","2024-11-01 07:26:35","0xa478c2975ab1ea89e8196811f51a7b7ade33eb11","0x0a09cdb390d3b6ba9119843a92c14b2428e101bf","380.761711922225198381","N/A","0x6b175474e89094c44da98b954eedeac495271d0f","Dai Stablecoin","DAI"
"0xd6ab21659f7bc195689a1a01b0bbe9b6c5409c5d595b97651a67b26199758fb4","21091336","1730446511","2024-11-01 07:35:11","0x68d3a973e7272eb388022a5c6518d9b2a2e66fbf","0xa478c2975ab1ea89e8196811f51a7b7ade33eb11","4,873.63270219674901287","N/A","0x6b175474e89094c44da98b954eedeac495271d0f","Dai Stablecoin","DAI"
"0xd6ab21659f7bc195689a1a01b0bbe9b6c5409c5d595b97651a67b26199758fb4","21091336","1730446511","2024-11-01 07:35:11","0xa478c2975ab1ea89e8196811f51a7b7ade33eb11","0x68d3a973e7272eb388022a5c6518d9b2a2e66fbf","1.947662942387818096","N/A","0xc02aaa39b223fe8d0a0e5c4f27ead9083c756cc2","Wrapped Ether","WETH"
"0x0d8f429e6bcacbdc5c54293172af90c9222a846d0ac5f1b682479b154b06aae5","21091534","1730448899","2024-11-01 08:14:59","0x64545160d28fd0e309277c02d6d73b3923cc4bfa","0xa478c2975ab1ea89e8196811f51a7b7ade33eb11","31.068231052080895766","N/A","0x6b175474e89094c44da98b954eedeac495271d0f","Dai Stablecoin","DAI"
"0x0d8f429e6bcacbdc5c54293172af90c9222a846d0ac5f1b682479b154b06aae5","21091534","1730448899","2024-11-01 08:14:59","0xa478c2975ab1ea89e8196811f51a7b7ade33eb11","0x64545160d28fd0e309277c02d6d73b3923cc4bfa","0.012407462872647557","N/A","0xc02aaa39b223fe8d0a0e5c4f27ead9083c756cc2","Wrapped Ether","WETH"
"0x601696458000cbe98812f31ac43e33736c94adbe1e24e7289a037991003b629c","21091534","1730448899","2024-11-01 08:14:59","0xa478c2975ab1ea89e8196811f51a7b7ade33eb11","0x64545160d28fd0e309277c02d6d73b3923cc4bfa","3.193123753783869973","N/A","0xc02aaa39b223fe8d0a0e5c4f27ead9083c756cc2","Wrapped Ether","WETH"
"0x601696458000cbe98812f31ac43e33736c94adbe1e24e7289a037991003b629c","21091534","1730448899","2024-11-01 08:14:59","0x48da0965ab2d2cbf1c17c09cfb5cbe67ad5b1406","0xa478c2975ab1ea89e8196811f51a7b7ade33eb11","8,004.422359372323002566","N/A","0x6b175474e89094c44da98b954eedeac495271d0f","Dai Stablecoin","DAI"
"0x2e1eb3d1517a96b099f23f4be7963126a599fc1fe64bdfd7f884fadbaba217b0","21091544","1730449019","2024-11-01 08:16:59","0xd4bc53434c5e12cb41381a556c3c47e1a86e80e3","0xa478c2975ab1ea89e8196811f51a7b7ade33eb11","4,457.515328123567079424","N/A","0x6b175474e89094c44da98b954eedeac495271d0f","Dai Stablecoin","DAI"
"0x2e1eb3d1517a96b099f23f4be7963126a599fc1fe64bdfd7f884fadbaba217b0","21091544","1730449019","2024-11-01 08:16:59","0xa478c2975ab1ea89e8196811f51a7b7ade33eb11","0xd4bc53434c5e12cb41381a556c3c47e1a86e80e3","1.775137058910633984","N/A","0xc02aaa39b223fe8d0a0e5c4f27ead9083c756cc2","Wrapped Ether","WETH"
"0xcae31893f7952516bc44373e745e3447b598e54d025eba136d95167b60c22e5c","21091745","1730451431","2024-11-01 08:57:11","0x68d3a973e7272eb388022a5c6518d9b2a2e66fbf","0xa478c2975ab1ea89e8196811f51a7b7ade33eb11","2.051688099564873792","N/A","0xc02aaa39b223fe8d0a0e5c4f27ead9083c756cc2","Wrapped Ether","WETH"
"0xcae31893f7952516bc44373e745e3447b598e54d025eba136d95167b60c22e5c","21091745","1730451431","2024-11-01 08:57:11","0xa478c2975ab1ea89e8196811f51a7b7ade33eb11","0x68d3a973e7272eb388022a5c6518d9b2a2e66fbf","5,120.623443612968285551","N/A","0x6b175474e89094c44da98b954eedeac495271d0f","Dai Stablecoin","DAI"
"0x73b757a71a85ab8606e48dbbc10ae7b6676e53e8f5912411fbc927875f44a7c1","21091792","1730451995","2024-11-01 09:06:35","0xe009f00e200a090090fc70e02d70b232000c0802","0xa478c2975ab1ea89e8196811f51a7b7ade33eb11","0.098650922085918471","N/A","0xc02aaa39b223fe8d0a0e5c4f27ead9083c756cc2","Wrapped Ether","WETH"
"0x73b757a71a85ab8606e48dbbc10ae7b6676e53e8f5912411fbc927875f44a7c1","21091792","1730451995","2024-11-01 09:06:35","0xa478c2975ab1ea89e8196811f51a7b7ade33eb11","0xe009f00e200a090090fc70e02d70b232000c0802","246.031081002641236085","N/A","0x6b175474e89094c44da98b954eedeac495271d0f","Dai Stablecoin","DAI"
"0xf35f07cc591884869dcad873e53762d42dece1840239d3bee56dd3cffc2e3c4e","21092016","1730454695","2024-11-01 09:51:35","0x68d3a973e7272eb388022a5c6518d9b2a2e66fbf","0xa478c2975ab1ea89e8196811f51a7b7ade33eb11","3,813.10667768226036382","N/A","0x6b175474e89094c44da98b954eedeac495271d0f","Dai Stablecoin","DAI"
"0xf35f07cc591884869dcad873e53762d42dece1840239d3bee56dd3cffc2e3c4e","21092016","1730454695","2024-11-01 09:51:35","0xa478c2975ab1ea89e8196811f51a7b7ade33eb11","0x68d3a973e7272eb388022a5c6518d9b2a2e66fbf","1.519033309653304114","N/A","0xc02aaa39b223fe8d0a0e5c4f27ead9083c756cc2","Wrapped Ether","WETH"
"0x8ab832194e0553d67245ccb72961d6959da13dc4c176520cb195dd4ad82aa96f","21092150","1730456303","2024-11-01 10:18:23","0x68d3a973e7272eb388022a5c6518d9b2a2e66fbf","0xa478c2975ab1ea89e8196811f51a7b7ade33eb11","6,219.819784033860556482","N/A","0x6b175474e89094c44da98b954eedeac495271d0f","Dai Stablecoin","DAI"
"0x8ab832194e0553d67245ccb72961d6959da13dc4c176520cb195dd4ad82aa96f","21092150","1730456303","2024-11-01 10:18:23","0xa478c2975ab1ea89e8196811f51a7b7ade33eb11","0x68d3a973e7272eb388022a5c6518d9b2a2e66fbf","2.474377409423840537","N/A","0xc02aaa39b223fe8d0a0e5c4f27ead9083c756cc2","Wrapped Ether","WETH"
"0xe66123fea7d60e2ea1f18092755953d99814c5a23d3d16ae5fb9e8731910cf22","21092156","1730456375","2024-11-01 10:19:35","0xa1bea5fe917450041748dbbbe7e9ac57a4bbebab","0xa478c2975ab1ea89e8196811f51a7b7ade33eb11","1,007.7","N/A","0x6b175474e89094c44da98b954eedeac495271d0f","Dai Stablecoin","DAI"
"0xe66123fea7d60e2ea1f18092755953d99814c5a23d3d16ae5fb9e8731910cf22","21092156","1730456375","2024-11-01 10:19:35","0xa478c2975ab1ea89e8196811f51a7b7ade33eb11","0x70bf6634ee8cb27d04478f184b9b8bb13e5f4710","0.400485269112619118","N/A","0xc02aaa39b223fe8d0a0e5c4f27ead9083c756cc2","Wrapped Ether","WETH"
"0x4f64be426c1cfed97de3d5e0a048ab35d4eff55c5ea2c1e4b3fd2dbe683c0a09","21092173","1730456579","2024-11-01 10:22:59","0x68d3a973e7272eb388022a5c6518d9b2a2e66fbf","0xa478c2975ab1ea89e8196811f51a7b7ade33eb11","3,208.233879906642249849","N/A","0x6b175474e89094c44da98b954eedeac495271d0f","Dai Stablecoin","DAI"
"0x4f64be426c1cfed97de3d5e0a048ab35d4eff55c5ea2c1e4b3fd2dbe683c0a09","21092173","1730456579","2024-11-01 10:22:59","0xa478c2975ab1ea89e8196811f51a7b7ade33eb11","0x68d3a973e7272eb388022a5c6518d9b2a2e66fbf","1.274293455837208282","N/A","0xc02aaa39b223fe8d0a0e5c4f27ead9083c756cc2","Wrapped Ether","WETH"
"0x7b1912937b3eec5e1102f1bd616ca9002cb95e56cb716deeee1630eefaf9d578","21092215","1730457083","2024-11-01 10:31:23","0x51c72848c68a965f66fa7a88855f9f7784502a7f","0xa478c2975ab1ea89e8196811f51a7b7ade33eb11","5,191.272824161686257664","N/A","0x6b175474e89094c44da98b954eedeac495271d0f","Dai Stablecoin","DAI"
"0x7b1912937b3eec5e1102f1bd616ca9002cb95e56cb716deeee1630eefaf9d578","21092215","1730457083","2024-11-01 10:31:23","0xa478c2975ab1ea89e8196811f51a7b7ade33eb11","0x51c72848c68a965f66fa7a88855f9f7784502a7f","2.059554709417710336","N/A","0xc02aaa39b223fe8d0a0e5c4f27ead9083c756cc2","Wrapped Ether","WETH"
"0xd1ebf9620a32b65f55ac68d39fd0a2c4ac324054ebad023ea75aeeffb5f475ff","21092490","1730460407","2024-11-01 11:26:47","0x329910834e425e8f3ca9d9003e1f7b086a1e4999","0xa478c2975ab1ea89e8196811f51a7b7ade33eb11","0.003976429888932963","N/A","0xc02aaa39b223fe8d0a0e5c4f27ead9083c756cc2","Wrapped Ether","WETH"
"0xd1ebf9620a32b65f55ac68d39fd0a2c4ac324054ebad023ea75aeeffb5f475ff","21092490","1730460407","2024-11-01 11:26:47","0x329910834e425e8f3ca9d9003e1f7b086a1e4999","0xa478c2975ab1ea89e8196811f51a7b7ade33eb11","9.999941591201841021","N/A","0x6b175474e89094c44da98b954eedeac495271d0f","Dai Stablecoin","DAI"
"0x73a6706c761f86cb0565b83ba01919c67c9fb323295f57027d186a0a35c2f61f","21092821","1730464391","2024-11-01 12:33:11","0x68d3a973e7272eb388022a5c6518d9b2a2e66fbf","0xa478c2975ab1ea89e8196811f51a7b7ade33eb11","4,899.966830224584561401","N/A","0x6b175474e89094c44da98b954eedeac495271d0f","Dai Stablecoin","DAI"
"0x73a6706c761f86cb0565b83ba01919c67c9fb323295f57027d186a0a35c2f61f","21092821","1730464391","2024-11-01 12:33:11","0xa478c2975ab1ea89e8196811f51a7b7ade33eb11","0x68d3a973e7272eb388022a5c6518d9b2a2e66fbf","1.941297292439256565","N/A","0xc02aaa39b223fe8d0a0e5c4f27ead9083c756cc2","Wrapped Ether","WETH"
"0x24236ba55752c680fbebeca2ccb223ae1971bae90508ca287d16996bfcaa7e0b","21092823","1730464415","2024-11-01 12:33:35","0x68d3a973e7272eb388022a5c6518d9b2a2e66fbf","0xa478c2975ab1ea89e8196811f51a7b7ade33eb11","5,713.104260812022142504","N/A","0x6b175474e89094c44da98b954eedeac495271d0f","Dai Stablecoin","DAI"
"0x24236ba55752c680fbebeca2ccb223ae1971bae90508ca287d16996bfcaa7e0b","21092823","1730464415","2024-11-01 12:33:35","0xa478c2975ab1ea89e8196811f51a7b7ade33eb11","0x68d3a973e7272eb388022a5c6518d9b2a2e66fbf","2.260152382447156896","N/A","0xc02aaa39b223fe8d0a0e5c4f27ead9083c756cc2","Wrapped Ether","WETH"
"0xa88f3fa2d9b953e542223a2b9cbe1a06fa7fb5fc4738da5a51977a6d8f3fd3e8","21092844","1730464667","2024-11-01 12:37:47","0x51c72848c68a965f66fa7a88855f9f7784502a7f","0xa478c2975ab1ea89e8196811f51a7b7ade33eb11","8,965.700391707475968","N/A","0x6b175474e89094c44da98b954eedeac495271d0f","Dai Stablecoin","DAI"
"0xa88f3fa2d9b953e542223a2b9cbe1a06fa7fb5fc4738da5a51977a6d8f3fd3e8","21092844","1730464667","2024-11-01 12:37:47","0xa478c2975ab1ea89e8196811f51a7b7ade33eb11","0x51c72848c68a965f66fa7a88855f9f7784502a7f","3.539750750246865408","N/A","0xc02aaa39b223fe8d0a0e5c4f27ead9083c756cc2","Wrapped Ether","WETH"
"0x5708b371b73b1d140d51afad185d67df32cf8524c08dd8b1a649808f93968dba","21092849","1730464727","2024-11-01 12:38:47","0x51c72848c68a965f66fa7a88855f9f7784502a7f","0xa478c2975ab1ea89e8196811f51a7b7ade33eb11","6,473.246457241475743744","N/A","0x6b175474e89094c44da98b954eedeac495271d0f","Dai Stablecoin","DAI"
"0x5708b371b73b1d140d51afad185d67df32cf8524c08dd8b1a649808f93968dba","21092849","1730464727","2024-11-01 12:38:47","0xa478c2975ab1ea89e8196811f51a7b7ade33eb11","0x51c72848c68a965f66fa7a88855f9f7784502a7f","2.550296077379329024","N/A","0xc02aaa39b223fe8d0a0e5c4f27ead9083c756cc2","Wrapped Ether","WETH"
"0xa6e8d1169b7b506332a0acb43e2169f774c8dae487b298e2a8d47a532a99dbb6","21092920","1730465579","2024-11-01 12:52:59","0x1231deb6f5749ef6ce6943a275a1d3e7486f4eae","0xa478c2975ab1ea89e8196811f51a7b7ade33eb11","674.024399127998158899","N/A","0x6b175474e89094c44da98b954eedeac495271d0f","Dai Stablecoin","DAI"
"0xa6e8d1169b7b506332a0acb43e2169f774c8dae487b298e2a8d47a532a99dbb6","21092920","1730465579","2024-11-01 12:52:59","0xa478c2975ab1ea89e8196811f51a7b7ade33eb11","0xf2614a233c7c3e7f08b1f887ba133a13f1eb2c55","0.265289594886462782","N/A","0xc02aaa39b223fe8d0a0e5c4f27ead9083c756cc2","Wrapped Ether","WETH"
"0x37b7769e9ddb27d0b32f198f79e14ae1af73b1d88e0b0ad75c41a023c003a928","21092954","1730465987","2024-11-01 12:59:47","0x629d22e6eeac46a11dbc96be93b90aee9309be4c","0xa478c2975ab1ea89e8196811f51a7b7ade33eb11","0.004240375544985916","N/A","0xc02aaa39b223fe8d0a0e5c4f27ead9083c756cc2","Wrapped Ether","WETH"
"0x37b7769e9ddb27d0b32f198f79e14ae1af73b1d88e0b0ad75c41a023c003a928","21092954","1730465987","2024-11-01 12:59:47","0xa478c2975ab1ea89e8196811f51a7b7ade33eb11","0x3fc91a3afd70395cd496c647d5a6cc9d4b2b7fad","10.710002493378674168","N/A","0x6b175474e89094c44da98b954eedeac495271d0f","Dai Stablecoin","DAI"
"0x70882af7b32708eeda0e1a67c41225ff25ef41cb8d9821071ddc389cfda2b884","21092967","1730466143","2024-11-01 13:02:23","0x000010036c0190e009a000d0fc3541100a07380a","0xa478c2975ab1ea89e8196811f51a7b7ade33eb11","7.0486","N/A","0x6b175474e89094c44da98b954eedeac495271d0f","Dai Stablecoin","DAI"
"0x70882af7b32708eeda0e1a67c41225ff25ef41cb8d9821071ddc389cfda2b884","21092967","1730466143","2024-11-01 13:02:23","0xa478c2975ab1ea89e8196811f51a7b7ade33eb11","0x000010036c0190e009a000d0fc3541100a07380a","0.002774010833474579","N/A","0xc02aaa39b223fe8d0a0e5c4f27ead9083c756cc2","Wrapped Ether","WETH"
"0x913b4710b1e193359ae1392a08834b25ff5d0a315ffd59278ebe4f83815f6780","21093100","1730467763","2024-11-01 13:29:23","0x3fc91a3afd70395cd496c647d5a6cc9d4b2b7fad","0xa478c2975ab1ea89e8196811f51a7b7ade33eb11","0.015863740492867013","N/A","0xc02aaa39b223fe8d0a0e5c4f27ead9083c756cc2","Wrapped Ether","WETH"
"0x913b4710b1e193359ae1392a08834b25ff5d0a315ffd59278ebe4f83815f6780","21093100","1730467763","2024-11-01 13:29:23","0xa478c2975ab1ea89e8196811f51a7b7ade33eb11","0x0a09cdb390d3b6ba9119843a92c14b2428e101bf","40.067169052940439195","N/A","0x6b175474e89094c44da98b954eedeac495271d0f","Dai Stablecoin","DAI"
"0x0968ab2c92d175c918633e04606f5c667ca4a0ba24248adf6e9252f7d3445063","21093133","1730468159","2024-11-01 13:35:59","0x68d3a973e7272eb388022a5c6518d9b2a2e66fbf","0xa478c2975ab1ea89e8196811f51a7b7ade33eb11","3,463.444609666500525202","N/A","0x6b175474e89094c44da98b954eedeac495271d0f","Dai Stablecoin","DAI"
"0x0968ab2c92d175c918633e04606f5c667ca4a0ba24248adf6e9252f7d3445063","21093133","1730468159","2024-11-01 13:35:59","0xa478c2975ab1ea89e8196811f51a7b7ade33eb11","0x68d3a973e7272eb388022a5c6518d9b2a2e66fbf","1.362423593327853896","N/A","0xc02aaa39b223fe8d0a0e5c4f27ead9083c756cc2","Wrapped Ether","WETH"
"0xca7667b49fe17babe708f8546561c7ba52a07c01fa1b52b33f1fdd9a5efb283a","21093140","1730468243","2024-11-01 13:37:23","0xa69babef1ca67a37ffaf7a485dfff3382056e78c","0xa478c2975ab1ea89e8196811f51a7b7ade33eb11","5,210.330735514022645273","N/A","0x6b175474e89094c44da98b954eedeac495271d0f","Dai Stablecoin","DAI"
"0xca7667b49fe17babe708f8546561c7ba52a07c01fa1b52b33f1fdd9a5efb283a","21093140","1730468243","2024-11-01 13:37:23","0xa478c2975ab1ea89e8196811f51a7b7ade33eb11","0xa69babef1ca67a37ffaf7a485dfff3382056e78c","2.04716813786920296","N/A","0xc02aaa39b223fe8d0a0e5c4f27ead9083c756cc2","Wrapped Ether","WETH"
"0x5c13576cf5dab54428dbf65cdb03788bda9bed5e65fbbf1497b4cbea475254af","21093144","1730468291","2024-11-01 13:38:11","0xa69babef1ca67a37ffaf7a485dfff3382056e78c","0xa478c2975ab1ea89e8196811f51a7b7ade33eb11","6,147.099813805085617858","N/A","0x6b175474e89094c44da98b954eedeac495271d0f","Dai Stablecoin","DAI"
"0x5c13576cf5dab54428dbf65cdb03788bda9bed5e65fbbf1497b4cbea475254af","21093144","1730468291","2024-11-01 13:38:11","0xa478c2975ab1ea89e8196811f51a7b7ade33eb11","0xa69babef1ca67a37ffaf7a485dfff3382056e78c","2.411479476017958704","N/A","0xc02aaa39b223fe8d0a0e5c4f27ead9083c756cc2","Wrapped Ether","WETH"
"0x418ceec8e6ce8d5e4e97855e6b878f00258c65a545f25bcf1a3eed947027eca6","21093151","1730468375","2024-11-01 13:39:35","0x51c72848c68a965f66fa7a88855f9f7784502a7f","0xa478c2975ab1ea89e8196811f51a7b7ade33eb11","5,870.136771025135730688","N/A","0x6b175474e89094c44da98b954eedeac495271d0f","Dai Stablecoin","DAI"
"0x418ceec8e6ce8d5e4e97855e6b878f00258c65a545f25bcf1a3eed947027eca6","21093151","1730468375","2024-11-01 13:39:35","0xa478c2975ab1ea89e8196811f51a7b7ade33eb11","0x51c72848c68a965f66fa7a88855f9f7784502a7f","2.2990353806432192","N/A","0xc02aaa39b223fe8d0a0e5c4f27ead9083c756cc2","Wrapped Ether","WETH"
"0x8f5ce92692f4de1674b4b8c13d66ad48794ed2581c4aaa3093ef484301390243","21093164","1730468531","2024-11-01 13:42:11","0xa7ca2c8673bcfa5a26d8ceec2887f2cc2b0db22a","0xa478c2975ab1ea89e8196811f51a7b7ade33eb11","2,560","N/A","0x6b175474e89094c44da98b954eedeac495271d0f","Dai Stablecoin","DAI"
"0x8f5ce92692f4de1674b4b8c13d66ad48794ed2581c4aaa3093ef484301390243","21093164","1730468531","2024-11-01 13:42:11","0xa478c2975ab1ea89e8196811f51a7b7ade33eb11","0xa7ca2c8673bcfa5a26d8ceec2887f2cc2b0db22a","1.001472283990706695","N/A","0xc02aaa39b223fe8d0a0e5c4f27ead9083c756cc2","Wrapped Ether","WETH"
"0xc4e50e371949f0f0443429c24174bdc2f2c6a1aaf35160f0ccc20f744568abaf","21093198","1730468951","2024-11-01 13:49:11","0x51c72848c68a965f66fa7a88855f9f7784502a7f","0xa478c2975ab1ea89e8196811f51a7b7ade33eb11","6,411.571306873578586112","N/A","0x6b175474e89094c44da98b954eedeac495271d0f","Dai Stablecoin","DAI"
"0xc4e50e371949f0f0443429c24174bdc2f2c6a1aaf35160f0ccc20f744568abaf","21093198","1730468951","2024-11-01 13:49:11","0xa478c2975ab1ea89e8196811f51a7b7ade33eb11","0x51c72848c68a965f66fa7a88855f9f7784502a7f","2.505126044194324992","N/A","0xc02aaa39b223fe8d0a0e5c4f27ead9083c756cc2","Wrapped Ether","WETH"
"0x95ea8ac53fb35199b74c9a40a614218a4640b0b02304b38459c10e739f0e8068","21093242","1730469479","2024-11-01 13:57:59","0x51c72848c68a965f66fa7a88855f9f7784502a7f","0xa478c2975ab1ea89e8196811f51a7b7ade33eb11","8,396.040672095492898816","N/A","0x6b175474e89094c44da98b954eedeac495271d0f","Dai Stablecoin","DAI"
"0x95ea8ac53fb35199b74c9a40a614218a4640b0b02304b38459c10e739f0e8068","21093242","1730469479","2024-11-01 13:57:59","0xa478c2975ab1ea89e8196811f51a7b7ade33eb11","0x51c72848c68a965f66fa7a88855f9f7784502a7f","3.273876935914851328","N/A","0xc02aaa39b223fe8d0a0e5c4f27ead9083c756cc2","Wrapped Ether","WETH"
"0x55b405c1a39a89962a834ad675cd9b2496288b6eae66fa1a0023f24c66a58923","21093252","1730469599","2024-11-01 13:59:59","0x51c72848c68a965f66fa7a88855f9f7784502a7f","0xa478c2975ab1ea89e8196811f51a7b7ade33eb11","6,612.469036845024411648","N/A","0x6b175474e89094c44da98b954eedeac495271d0f","Dai Stablecoin","DAI"
"0x55b405c1a39a89962a834ad675cd9b2496288b6eae66fa1a0023f24c66a58923","21093252","1730469599","2024-11-01 13:59:59","0xa478c2975ab1ea89e8196811f51a7b7ade33eb11","0x51c72848c68a965f66fa7a88855f9f7784502a7f","2.573135947425621504","N/A","0xc02aaa39b223fe8d0a0e5c4f27ead9083c756cc2","Wrapped Ether","WETH"
"0x5d904adb4409e4244c43d9ed72d1bca0819d0824f58f652df528c5bd3131ac46","21093315","1730470355","2024-11-01 14:12:35","0xa69babef1ca67a37ffaf7a485dfff3382056e78c","0xa478c2975ab1ea89e8196811f51a7b7ade33eb11","7,074.884815923452493584","N/A","0x6b175474e89094c44da98b954eedeac495271d0f","Dai Stablecoin","DAI"
"0x5d904adb4409e4244c43d9ed72d1bca0819d0824f58f652df528c5bd3131ac46","21093315","1730470355","2024-11-01 14:12:35","0xa478c2975ab1ea89e8196811f51a7b7ade33eb11","0xa69babef1ca67a37ffaf7a485dfff3382056e78c","2.747964793790047109","N/A","0xc02aaa39b223fe8d0a0e5c4f27ead9083c756cc2","Wrapped Ether","WETH"
"0x9e3779134f2c1b7a9caea8234c3bfe337863399a785605e8c234e0ec15490cbb","21093352","1730470799","2024-11-01 14:19:59","0x0c8afa31d68028ed8054493ee92f52b82ab992a2","0xa478c2975ab1ea89e8196811f51a7b7ade33eb11","2,900","N/A","0x6b175474e89094c44da98b954eedeac495271d0f","Dai Stablecoin","DAI"
"0x9e3779134f2c1b7a9caea8234c3bfe337863399a785605e8c234e0ec15490cbb","21093352","1730470799","2024-11-01 14:19:59","0xa478c2975ab1ea89e8196811f51a7b7ade33eb11","0x55d5c232d921b9eaa6b37b5845e439acd04b4dba","1.124863590649221016","N/A","0xc02aaa39b223fe8d0a0e5c4f27ead9083c756cc2","Wrapped Ether","WETH"
"0x81a33a153f2382d504c5583e8d994e70db444427f3574a95b5bbf437719c8ac7","21093355","1730470835","2024-11-01 14:20:35","0x51c72848c68a965f66fa7a88855f9f7784502a7f","0xa478c2975ab1ea89e8196811f51a7b7ade33eb11","6,461.219785221386272768","N/A","0x6b175474e89094c44da98b954eedeac495271d0f","Dai Stablecoin","DAI"
"0x81a33a153f2382d504c5583e8d994e70db444427f3574a95b5bbf437719c8ac7","21093355","1730470835","2024-11-01 14:20:35","0xa478c2975ab1ea89e8196811f51a7b7ade33eb11","0x51c72848c68a965f66fa7a88855f9f7784502a7f","2.503005134109835264","N/A","0xc02aaa39b223fe8d0a0e5c4f27ead9083c756cc2","Wrapped Ether","WETH"
"0x253ed3b2121a0e242a44c9eaf60d7cbc293af042c642e4020c6cd7b3b977e743","21093466","1730472167","2024-11-01 14:42:47","0xa69babef1ca67a37ffaf7a485dfff3382056e78c","0xa478c2975ab1ea89e8196811f51a7b7ade33eb11","3.222979063167817216","N/A","0xc02aaa39b223fe8d0a0e5c4f27ead9083c756cc2","Wrapped Ether","WETH"
"0x253ed3b2121a0e242a44c9eaf60d7cbc293af042c642e4020c6cd7b3b977e743","21093466","1730472167","2024-11-01 14:42:47","0xa478c2975ab1ea89e8196811f51a7b7ade33eb11","0xa69babef1ca67a37ffaf7a485dfff3382056e78c","8,267.829659081639433073","N/A","0x6b175474e89094c44da98b954eedeac495271d0f","Dai Stablecoin","DAI"
"0x1ac5fc2fc886081ecd47c719e5b2badb6d2f9ece3f49bf898dbca2b21c8742c8","21093472","1730472239","2024-11-01 14:43:59","0x68d3a973e7272eb388022a5c6518d9b2a2e66fbf","0xa478c2975ab1ea89e8196811f51a7b7ade33eb11","2.203857737491174801","N/A","0xc02aaa39b223fe8d0a0e5c4f27ead9083c756cc2","Wrapped Ether","WETH"
"0x1ac5fc2fc886081ecd47c719e5b2badb6d2f9ece3f49bf898dbca2b21c8742c8","21093472","1730472239","2024-11-01 14:43:59","0xa478c2975ab1ea89e8196811f51a7b7ade33eb11","0x68d3a973e7272eb388022a5c6518d9b2a2e66fbf","5,642.781260881306394123","N/A","0x6b175474e89094c44da98b954eedeac495271d0f","Dai Stablecoin","DAI"
"0xc25b0f412fb9246bf485fbd002fd836c66e35881b2f18aff83d28878364a1907","21093518","1730472791","2024-11-01 14:53:11","0xd4bc53434c5e12cb41381a556c3c47e1a86e80e3","0xa478c2975ab1ea89e8196811f51a7b7ade33eb11","1.973293599973965824","N/A","0xc02aaa39b223fe8d0a0e5c4f27ead9083c756cc2","Wrapped Ether","WETH"
"0xc25b0f412fb9246bf485fbd002fd836c66e35881b2f18aff83d28878364a1907","21093518","1730472791","2024-11-01 14:53:11","0xa478c2975ab1ea89e8196811f51a7b7ade33eb11","0xd4bc53434c5e12cb41381a556c3c47e1a86e80e3","5,045.073321543761657856","N/A","0x6b175474e89094c44da98b954eedeac495271d0f","Dai Stablecoin","DAI"
"0x5294e8b02110ec6f761cc441eb7c1bf5c5ff864d8550787378ed2854a5547681","21093533","1730472971","2024-11-01 14:56:11","0xd4bc53434c5e12cb41381a556c3c47e1a86e80e3","0xa478c2975ab1ea89e8196811f51a7b7ade33eb11","1.935257657363398656","N/A","0xc02aaa39b223fe8d0a0e5c4f27ead9083c756cc2","Wrapped Ether","WETH"
"0x5294e8b02110ec6f761cc441eb7c1bf5c5ff864d8550787378ed2854a5547681","21093533","1730472971","2024-11-01 14:56:11","0xa478c2975ab1ea89e8196811f51a7b7ade33eb11","0xd4bc53434c5e12cb41381a556c3c47e1a86e80e3","4,941.080984023126245376","N/A","0x6b175474e89094c44da98b954eedeac495271d0f","Dai Stablecoin","DAI"
"0x9709985991c0967fcf4178d51a1d493ccb0c0bb37830fb3ef77a769be5ac3f9c","21093600","1730473775","2024-11-01 15:09:35","0x68d3a973e7272eb388022a5c6518d9b2a2e66fbf","0xa478c2975ab1ea89e8196811f51a7b7ade33eb11","2.228537859439364185","N/A","0xc02aaa39b223fe8d0a0e5c4f27ead9083c756cc2","Wrapped Ether","WETH"
"0x9709985991c0967fcf4178d51a1d493ccb0c0bb37830fb3ef77a769be5ac3f9c","21093600","1730473775","2024-11-01 15:09:35","0xa478c2975ab1ea89e8196811f51a7b7ade33eb11","0x68d3a973e7272eb388022a5c6518d9b2a2e66fbf","5,681.623560291263231732","N/A","0x6b175474e89094c44da98b954eedeac495271d0f","Dai Stablecoin","DAI"
"0x64fc3c1dfc5172ea1aa4464a48c0a08366b5517dfd56981eacd9cca1a3949080","21093645","1730474315","2024-11-01 15:18:35","0x1231deb6f5749ef6ce6943a275a1d3e7486f4eae","0xa478c2975ab1ea89e8196811f51a7b7ade33eb11","198.546157983345332937","N/A","0x6b175474e89094c44da98b954eedeac495271d0f","Dai Stablecoin","DAI"
"0x64fc3c1dfc5172ea1aa4464a48c0a08366b5517dfd56981eacd9cca1a3949080","21093645","1730474315","2024-11-01 15:18:35","0xa478c2975ab1ea89e8196811f51a7b7ade33eb11","0xf2614a233c7c3e7f08b1f887ba133a13f1eb2c55","0.077468589191275985","N/A","0xc02aaa39b223fe8d0a0e5c4f27ead9083c756cc2","Wrapped Ether","WETH"
"0xae66bf2d909ae9ac3a91a3c434a3c6a5916419b1fe5f69403fae9923c1c9ee7b","21093657","1730474459","2024-11-01 15:20:59","0x68d3a973e7272eb388022a5c6518d9b2a2e66fbf","0xa478c2975ab1ea89e8196811f51a7b7ade33eb11","2.699405540472050588","N/A","0xc02aaa39b223fe8d0a0e5c4f27ead9083c756cc2","Wrapped Ether","WETH"
"0xae66bf2d909ae9ac3a91a3c434a3c6a5916419b1fe5f69403fae9923c1c9ee7b","21093657","1730474459","2024-11-01 15:20:59","0xa478c2975ab1ea89e8196811f51a7b7ade33eb11","0x68d3a973e7272eb388022a5c6518d9b2a2e66fbf","6,870.655782948012334249","N/A","0x6b175474e89094c44da98b954eedeac495271d0f","Dai Stablecoin","DAI"
"0x5a66eac3175fdb05062e35f1fe1452bceb722cf381f2bede068488f0eff913f1","21093662","1730474519","2024-11-01 15:21:59","0xd4bc53434c5e12cb41381a556c3c47e1a86e80e3","0xa478c2975ab1ea89e8196811f51a7b7ade33eb11","2.265688818797510656","N/A","0xc02aaa39b223fe8d0a0e5c4f27ead9083c756cc2","Wrapped Ether","WETH"
"0x5a66eac3175fdb05062e35f1fe1452bceb722cf381f2bede068488f0eff913f1","21093662","1730474519","2024-11-01 15:21:59","0xa478c2975ab1ea89e8196811f51a7b7ade33eb11","0xd4bc53434c5e12cb41381a556c3c47e1a86e80e3","5,756.773230007447191552","N/A","0x6b175474e89094c44da98b954eedeac495271d0f","Dai Stablecoin","DAI"
"0x470762eb09a5b9dbf5d23d182e63d5996d8284db9442441ca0b1f3d3b4cf7580","21093709","1730475083","2024-11-01 15:31:23","0x0a09cdb390d3b6ba9119843a92c14b2428e101bf","0xa478c2975ab1ea89e8196811f51a7b7ade33eb11","178.861879932433188525","N/A","0x6b175474e89094c44da98b954eedeac495271d0f","Dai Stablecoin","DAI"
"0x470762eb09a5b9dbf5d23d182e63d5996d8284db9442441ca0b1f3d3b4cf7580","21093709","1730475083","2024-11-01 15:31:23","0xa478c2975ab1ea89e8196811f51a7b7ade33eb11","0x3fc91a3afd70395cd496c647d5a6cc9d4b2b7fad","0.070026382610725642","N/A","0xc02aaa39b223fe8d0a0e5c4f27ead9083c756cc2","Wrapped Ether","WETH"
"0x0158f9fbfd9ce419e87248aad5d5bb1b7f72ee27234a69c81ba51faa1e2c0744","21093715","1730475155","2024-11-01 15:32:35","0x51c72848c68a965f66fa7a88855f9f7784502a7f","0xa478c2975ab1ea89e8196811f51a7b7ade33eb11","3.9297208426886656","N/A","0xc02aaa39b223fe8d0a0e5c4f27ead9083c756cc2","Wrapped Ether","WETH"
"0x0158f9fbfd9ce419e87248aad5d5bb1b7f72ee27234a69c81ba51faa1e2c0744","21093715","1730475155","2024-11-01 15:32:35","0xa478c2975ab1ea89e8196811f51a7b7ade33eb11","0x51c72848c68a965f66fa7a88855f9f7784502a7f","9,963.775498982388662272","N/A","0x6b175474e89094c44da98b954eedeac495271d0f","Dai Stablecoin","DAI"
"0x9ec01e58feb3f383a7b11c13d3ae1c5868f747148ea2e9b2773d5921bd4711b8","21093717","1730475179","2024-11-01 15:32:59","0xd4bc53434c5e12cb41381a556c3c47e1a86e80e3","0xa478c2975ab1ea89e8196811f51a7b7ade33eb11","2.423587527588839424","N/A","0xc02aaa39b223fe8d0a0e5c4f27ead9083c756cc2","Wrapped Ether","WETH"
"0x9ec01e58feb3f383a7b11c13d3ae1c5868f747148ea2e9b2773d5921bd4711b8","21093717","1730475179","2024-11-01 15:32:59","0xa478c2975ab1ea89e8196811f51a7b7ade33eb11","0xd4bc53434c5e12cb41381a556c3c47e1a86e80e3","6,131.45526755611639808","N/A","0x6b175474e89094c44da98b954eedeac495271d0f","Dai Stablecoin","DAI"
"0x83693c8f08a11605c7fe3b80c4d14c5cf23e90f565f28b4d20cc965bc45a644d","21093738","1730475443","2024-11-01 15:37:23","0x51c72848c68a965f66fa7a88855f9f7784502a7f","0xa478c2975ab1ea89e8196811f51a7b7ade33eb11","2.598664429249390592","N/A","0xc02aaa39b223fe8d0a0e5c4f27ead9083c756cc2","Wrapped Ether","WETH"
"0x83693c8f08a11605c7fe3b80c4d14c5cf23e90f565f28b4d20cc965bc45a644d","21093738","1730475443","2024-11-01 15:37:23","0xa478c2975ab1ea89e8196811f51a7b7ade33eb11","0x51c72848c68a965f66fa7a88855f9f7784502a7f","6,562.896888606734942208","N/A","0x6b175474e89094c44da98b954eedeac495271d0f","Dai Stablecoin","DAI"
"0x73b0a0ea252d63ad0cc0a14228990cf5d27eabd12c2d6602a9f19e373f47f4b3","21093743","1730475503","2024-11-01 15:38:23","0x68d3a973e7272eb388022a5c6518d9b2a2e66fbf","0xa478c2975ab1ea89e8196811f51a7b7ade33eb11","4.581879287122492134","N/A","0xc02aaa39b223fe8d0a0e5c4f27ead9083c756cc2","Wrapped Ether","WETH"
"0x73b0a0ea252d63ad0cc0a14228990cf5d27eabd12c2d6602a9f19e373f47f4b3","21093743","1730475503","2024-11-01 15:38:23","0xa478c2975ab1ea89e8196811f51a7b7ade33eb11","0x68d3a973e7272eb388022a5c6518d9b2a2e66fbf","11,542.771891948805462118","N/A","0x6b175474e89094c44da98b954eedeac495271d0f","Dai Stablecoin","DAI"
"0xdd13887f01575ae0dc4840708fb42ecb9a6196d129b5088708662720de46db3d","21093752","1730475611","2024-11-01 15:40:11","0x51c72848c68a965f66fa7a88855f9f7784502a7f","0xa478c2975ab1ea89e8196811f51a7b7ade33eb11","3.480889468787590656","N/A","0xc02aaa39b223fe8d0a0e5c4f27ead9083c756cc2","Wrapped Ether","WETH"
"0xdd13887f01575ae0dc4840708fb42ecb9a6196d129b5088708662720de46db3d","21093752","1730475611","2024-11-01 15:40:11","0xa478c2975ab1ea89e8196811f51a7b7ade33eb11","0x51c72848c68a965f66fa7a88855f9f7784502a7f","8,744.624334175683477504","N/A","0x6b175474e89094c44da98b954eedeac495271d0f","Dai Stablecoin","DAI"
"0xdb737feced728d2b7e18869820164ed8904ea28ad39708497cc2f143aff87dbe","21093760","1730475707","2024-11-01 15:41:47","0xd4bc53434c5e12cb41381a556c3c47e1a86e80e3","0xa478c2975ab1ea89e8196811f51a7b7ade33eb11","3.31372358419873792","N/A","0xc02aaa39b223fe8d0a0e5c4f27ead9083c756cc2","Wrapped Ether","WETH"
"0xdb737feced728d2b7e18869820164ed8904ea28ad39708497cc2f143aff87dbe","21093760","1730475707","2024-11-01 15:41:47","0xa478c2975ab1ea89e8196811f51a7b7ade33eb11","0xd4bc53434c5e12cb41381a556c3c47e1a86e80e3","8,305.167448777364078592","N/A","0x6b175474e89094c44da98b954eedeac495271d0f","Dai Stablecoin","DAI"
"0xbf1473555ff124c26cc500b5a7be4dd99a64a5a0c237692537989c3c6f5c478f","21093782","1730475971","2024-11-01 15:46:11","0x68d3a973e7272eb388022a5c6518d9b2a2e66fbf","0xa478c2975ab1ea89e8196811f51a7b7ade33eb11","2.289734070335817513","N/A","0xc02aaa39b223fe8d0a0e5c4f27ead9083c756cc2","Wrapped Ether","WETH"
"0xbf1473555ff124c26cc500b5a7be4dd99a64a5a0c237692537989c3c6f5c478f","21093782","1730475971","2024-11-01 15:46:11","0xa478c2975ab1ea89e8196811f51a7b7ade33eb11","0x68d3a973e7272eb388022a5c6518d9b2a2e66fbf","5,727.641761160697108448","N/A","0x6b175474e89094c44da98b954eedeac495271d0f","Dai Stablecoin","DAI"
"0x35cd79bfcec976b9a2b287f9f2ef9b59e5a338129b7bda32541ac61c46ab758f","21093790","1730476067","2024-11-01 15:47:47","0x68d3a973e7272eb388022a5c6518d9b2a2e66fbf","0xa478c2975ab1ea89e8196811f51a7b7ade33eb11","2.490372603453371221","N/A","0xc02aaa39b223fe8d0a0e5c4f27ead9083c756cc2","Wrapped Ether","WETH"
"0x35cd79bfcec976b9a2b287f9f2ef9b59e5a338129b7bda32541ac61c46ab758f","21093790","1730476067","2024-11-01 15:47:47","0xa478c2975ab1ea89e8196811f51a7b7ade33eb11","0x68d3a973e7272eb388022a5c6518d9b2a2e66fbf","6,219.255235825274421818","N/A","0x6b175474e89094c44da98b954eedeac495271d0f","Dai Stablecoin","DAI"
"0x390e4b0b52daeaf4b5a43ce9138b2295cb9888ebc0a344b69653d51f0dcf4ce2","21093799","1730476175","2024-11-01 15:49:35","0x68d3a973e7272eb388022a5c6518d9b2a2e66fbf","0xa478c2975ab1ea89e8196811f51a7b7ade33eb11","2.321554470228563914","N/A","0xc02aaa39b223fe8d0a0e5c4f27ead9083c756cc2","Wrapped Ether","WETH"
"0x390e4b0b52daeaf4b5a43ce9138b2295cb9888ebc0a344b69653d51f0dcf4ce2","21093799","1730476175","2024-11-01 15:49:35","0xa478c2975ab1ea89e8196811f51a7b7ade33eb11","0x68d3a973e7272eb388022a5c6518d9b2a2e66fbf","5,788.044990544478038778","N/A","0x6b175474e89094c44da98b954eedeac495271d0f","Dai Stablecoin","DAI"
"0x224e3047593d3e578495328f76158d1a23119740a82caa7aafbef835b4a41a78","21093808","1730476283","2024-11-01 15:51:23","0x68d3a973e7272eb388022a5c6518d9b2a2e66fbf","0xa478c2975ab1ea89e8196811f51a7b7ade33eb11","4.517098525082736213","N/A","0xc02aaa39b223fe8d0a0e5c4f27ead9083c756cc2","Wrapped Ether","WETH"
"0x224e3047593d3e578495328f76158d1a23119740a82caa7aafbef835b4a41a78","21093808","1730476283","2024-11-01 15:51:23","0xa478c2975ab1ea89e8196811f51a7b7ade33eb11","0x68d3a973e7272eb388022a5c6518d9b2a2e66fbf","11,235.428738619865802279","N/A","0x6b175474e89094c44da98b954eedeac495271d0f","Dai Stablecoin","DAI"
"0xa94827e0330d411c25f55f01f416eb3e2bec9a53bdd23336eff40732929fe538","21093823","1730476463","2024-11-01 15:54:23","0xd4bc53434c5e12cb41381a556c3c47e1a86e80e3","0xa478c2975ab1ea89e8196811f51a7b7ade33eb11","8,670.262730094245052416","N/A","0x6b175474e89094c44da98b954eedeac495271d0f","Dai Stablecoin","DAI"
"0xa94827e0330d411c25f55f01f416eb3e2bec9a53bdd23336eff40732929fe538","21093823","1730476463","2024-11-01 15:54:23","0xa478c2975ab1ea89e8196811f51a7b7ade33eb11","0xd4bc53434c5e12cb41381a556c3c47e1a86e80e3","3.46617112908791808","N/A","0xc02aaa39b223fe8d0a0e5c4f27ead9083c756cc2","Wrapped Ether","WETH"
"0xa11017dee40e9c6873808d1691d867a35f34b99db4f471de7a4c82d3580da397","21093866","1730476979","2024-11-01 16:02:59","0x68d3a973e7272eb388022a5c6518d9b2a2e66fbf","0xa478c2975ab1ea89e8196811f51a7b7ade33eb11","6,946.919088958316816862","N/A","0x6b175474e89094c44da98b954eedeac495271d0f","Dai Stablecoin","DAI"
"0xa11017dee40e9c6873808d1691d867a35f34b99db4f471de7a4c82d3580da397","21093866","1730476979","2024-11-01 16:02:59","0xa478c2975ab1ea89e8196811f51a7b7ade33eb11","0x68d3a973e7272eb388022a5c6518d9b2a2e66fbf","2.771237192741919171","N/A","0xc02aaa39b223fe8d0a0e5c4f27ead9083c756cc2","Wrapped Ether","WETH"
"0x01dcfe84594dead9e355e91fdd930349d29f9ff2fdb08b010671dd316fc26cbd","21093894","1730477315","2024-11-01 16:08:35","0x12d737470fb3ec6c3deec9b518100bec9d520144","0xa478c2975ab1ea89e8196811f51a7b7ade33eb11","522.47622614457084021","N/A","0x6b175474e89094c44da98b954eedeac495271d0f","Dai Stablecoin","DAI"
"0x01dcfe84594dead9e355e91fdd930349d29f9ff2fdb08b010671dd316fc26cbd","21093894","1730477315","2024-11-01 16:08:35","0xa478c2975ab1ea89e8196811f51a7b7ade33eb11","0x12d737470fb3ec6c3deec9b518100bec9d520144","0.208209217784208639","N/A","0xc02aaa39b223fe8d0a0e5c4f27ead9083c756cc2","Wrapped Ether","WETH"
"0x471608d8a3616808cbf08cad47caf847f66b0c5acece48a6b99364b0a602d2a7","21093895","1730477327","2024-11-01 16:08:47","0x68d3a973e7272eb388022a5c6518d9b2a2e66fbf","0xa478c2975ab1ea89e8196811f51a7b7ade33eb11","4,946.071931107376858314","N/A","0x6b175474e89094c44da98b954eedeac495271d0f","Dai Stablecoin","DAI"
"0x471608d8a3616808cbf08cad47caf847f66b0c5acece48a6b99364b0a602d2a7","21093895","1730477327","2024-11-01 16:08:47","0xa478c2975ab1ea89e8196811f51a7b7ade33eb11","0x68d3a973e7272eb388022a5c6518d9b2a2e66fbf","1.969549564085030512","N/A","0xc02aaa39b223fe8d0a0e5c4f27ead9083c756cc2","Wrapped Ether","WETH"
"0xc1bc4887fb400707716e5f52af183098d682d1c883568a37fad191d8e63e0478","21093904","1730477435","2024-11-01 16:10:35","0x68d3a973e7272eb388022a5c6518d9b2a2e66fbf","0xa478c2975ab1ea89e8196811f51a7b7ade33eb11","6,808.236310686395024161","N/A","0x6b175474e89094c44da98b954eedeac495271d0f","Dai Stablecoin","DAI"
"0xc1bc4887fb400707716e5f52af183098d682d1c883568a37fad191d8e63e0478","21093904","1730477435","2024-11-01 16:10:35","0xa478c2975ab1ea89e8196811f51a7b7ade33eb11","0x68d3a973e7272eb388022a5c6518d9b2a2e66fbf","2.706687108785811954","N/A","0xc02aaa39b223fe8d0a0e5c4f27ead9083c756cc2","Wrapped Ether","WETH"
"0xa72de8066b724aaba18b567992ba9d396c6e993813b6b7be2e0c23557861cd15","21093926","1730477699","2024-11-01 16:14:59","0x51c72848c68a965f66fa7a88855f9f7784502a7f","0xa478c2975ab1ea89e8196811f51a7b7ade33eb11","5,635.070891071576735744","N/A","0x6b175474e89094c44da98b954eedeac495271d0f","Dai Stablecoin","DAI"
"0xa72de8066b724aaba18b567992ba9d396c6e993813b6b7be2e0c23557861cd15","21093926","1730477699","2024-11-01 16:14:59","0xa478c2975ab1ea89e8196811f51a7b7ade33eb11","0x51c72848c68a965f66fa7a88855f9f7784502a7f","2.23643685472679808","N/A","0xc02aaa39b223fe8d0a0e5c4f27ead9083c756cc2","Wrapped Ether","WETH"
"0xe87734c96af380242803505195c42660b10de3589b234db52841397b536eab2b","21093927","1730477711","2024-11-01 16:15:11","0x51c72848c68a965f66fa7a88855f9f7784502a7f","0xa478c2975ab1ea89e8196811f51a7b7ade33eb11","7,223.217352095526027264","N/A","0x6b175474e89094c44da98b954eedeac495271d0f","Dai Stablecoin","DAI"
"0xe87734c96af380242803505195c42660b10de3589b234db52841397b536eab2b","21093927","1730477711","2024-11-01 16:15:11","0xa478c2975ab1ea89e8196811f51a7b7ade33eb11","0x51c72848c68a965f66fa7a88855f9f7784502a7f","2.861673746215143936","N/A","0xc02aaa39b223fe8d0a0e5c4f27ead9083c756cc2","Wrapped Ether","WETH"
"0xf47f224008906e1fc424a8fba1f9272119f5bd4e13e74cba75fe43e616972871","21093938","1730477843","2024-11-01 16:17:23","0xa69babef1ca67a37ffaf7a485dfff3382056e78c","0xa478c2975ab1ea89e8196811f51a7b7ade33eb11","6,184.480403380519847265","N/A","0x6b175474e89094c44da98b954eedeac495271d0f","Dai Stablecoin","DAI"
"0xf47f224008906e1fc424a8fba1f9272119f5bd4e13e74cba75fe43e616972871","21093938","1730477843","2024-11-01 16:17:23","0xa478c2975ab1ea89e8196811f51a7b7ade33eb11","0xa69babef1ca67a37ffaf7a485dfff3382056e78c","2.445651717622171906","N/A","0xc02aaa39b223fe8d0a0e5c4f27ead9083c756cc2","Wrapped Ether","WETH"
"0x98715b4c8d3e1b48fb9e4cef92848b0256c9653866a4a8c597fd43d32e1d5fda","21093947","1730477951","2024-11-01 16:19:11","0x68d3a973e7272eb388022a5c6518d9b2a2e66fbf","0xa478c2975ab1ea89e8196811f51a7b7ade33eb11","4,760.789321529106784015","N/A","0x6b175474e89094c44da98b954eedeac495271d0f","Dai Stablecoin","DAI"
"0x98715b4c8d3e1b48fb9e4cef92848b0256c9653866a4a8c597fd43d32e1d5fda","21093947","1730477951","2024-11-01 16:19:11","0xa478c2975ab1ea89e8196811f51a7b7ade33eb11","0x68d3a973e7272eb388022a5c6518d9b2a2e66fbf","1.879825726990569636","N/A","0xc02aaa39b223fe8d0a0e5c4f27ead9083c756cc2","Wrapped Ether","WETH"
"0x2f69f7bc50835e78de38b726d7920f47bc4526bdfb23557a85e8e72904b275e3","21093992","1730478491","2024-11-01 16:28:11","0x09d1d767edf8fa23a64c51fa559e0688e526812f","0xa478c2975ab1ea89e8196811f51a7b7ade33eb11","2.800588182230629171","N/A","0xc02aaa39b223fe8d0a0e5c4f27ead9083c756cc2","Wrapped Ether","WETH"
"0x2f69f7bc50835e78de38b726d7920f47bc4526bdfb23557a85e8e72904b275e3","21093992","1730478491","2024-11-01 16:28:11","0xa478c2975ab1ea89e8196811f51a7b7ade33eb11","0xca74f404e0c7bfa35b13b511097df966d5a65597","7,047.974932269796636779","N/A","0x6b175474e89094c44da98b954eedeac495271d0f","Dai Stablecoin","DAI"
"0xe70951421214d0eae2a62b4c42e08bb3e5809e61ec2db8ab24cab21c54b2f5d9","21094067","1730479403","2024-11-01 16:43:23","0xd4bc53434c5e12cb41381a556c3c47e1a86e80e3","0xa478c2975ab1ea89e8196811f51a7b7ade33eb11","2.27869492036763648","N/A","0xc02aaa39b223fe8d0a0e5c4f27ead9083c756cc2","Wrapped Ether","WETH"
"0xe70951421214d0eae2a62b4c42e08bb3e5809e61ec2db8ab24cab21c54b2f5d9","21094067","1730479403","2024-11-01 16:43:23","0xa478c2975ab1ea89e8196811f51a7b7ade33eb11","0xd4bc53434c5e12cb41381a556c3c47e1a86e80e3","5,724.49452410319929344","N/A","0x6b175474e89094c44da98b954eedeac495271d0f","Dai Stablecoin","DAI"
"0x8f720943df1f4c4a3ed078431e3497f8f961b1cf169c5c767cec879b70fdcdee","21094069","1730479427","2024-11-01 16:43:47","0x51c72848c68a965f66fa7a88855f9f7784502a7f","0xa478c2975ab1ea89e8196811f51a7b7ade33eb11","2.295291668107829248","N/A","0xc02aaa39b223fe8d0a0e5c4f27ead9083c756cc2","Wrapped Ether","WETH"
"0x8f720943df1f4c4a3ed078431e3497f8f961b1cf169c5c767cec879b70fdcdee","21094069","1730479427","2024-11-01 16:43:47","0xa478c2975ab1ea89e8196811f51a7b7ade33eb11","0x51c72848c68a965f66fa7a88855f9f7784502a7f","5,757.04137913782501376","N/A","0x6b175474e89094c44da98b954eedeac495271d0f","Dai Stablecoin","DAI"
